Timestamp,SubjectID,AccX,AccY,AccZ,GyroX,GyroY,GyroZ,ActivityLabel,IsFallEvent
2026-08-20T10:00:00Z,Elderly_Fall_IoT-SUBJ-01,-0.3387,9.4107,0.913,0.0102,0.1046,0.044,routine_movement,0
2026-08-20T10:00:01Z,Elderly_Fall_IoT-SUBJ-01,-0.1167,9.3028,0.6913,0.113,0.03,-0.0638,routine_movement,0
2026-08-20T10:00:02Z,Elderly_Fall_IoT-SUBJ-01,0.8958,10.2086,0.3806,-0.0085,0.0711,0.0289,routine_movement,0
2026-08-20T10:00:03Z,Elderly_Fall_IoT-SUBJ-01,0.3425,9.8202,0.4716,0.0473,0.0411,-0.0998,routine_movement,0
2026-08-20T10:00:04Z,Elderly_Fall_IoT-SUBJ-01,0.1592,9.9347,0.2903,0.0454,0.0959,0.0783,routine_movement,0
2026-08-20T10:00:05Z,Elderly_Fall_IoT-SUBJ-01,0.27,8.8478,0.952,0.0018,0.0513,0.0058,routine_movement,0
2026-08-20T10:00:06Z,Elderly_Fall_IoT-SUBJ-01,0.4805,8.9128,1.4535,0.0069,0.0822,-0.0395,routine_movement,0
2026-08-20T10:00:07Z,Elderly_Fall_IoT-SUBJ-01,0.2773,10.3408,0.0652,0.0578,0.054,-0.0065,routine_movement,0
2026-08-20T10:00:08Z,Elderly_Fall_IoT-SUBJ-01,0.1781,9.3147,0.1188,0.0169,0.1206,-0.0024,routine_movement,0
2026-08-20T10:00:09Z,Elderly_Fall_IoT-SUBJ-01,0.4892,10.0959,-0.1852,0.0026,-0.0221,-0.0323,routine_movement,0
2026-08-20T10:00:10Z,Elderly_Fall_IoT-SUBJ-01,-0.0228,9.8234,-0.078,-0.0285,0.0465,0.0166,routine_movement,0
2026-08-20T10:00:11Z,Elderly_Fall_IoT-SUBJ-01,0.0045,10.1712,0.5927,-0.0586,0.0804,-0.0308,routine_movement,0
2026-08-20T10:00:12Z,Elderly_Fall_IoT-SUBJ-01,0.1573,10.0766,1.2899,0.0863,0.1303,-0.0633,routine_movement,0
2026-08-20T10:00:13Z,Elderly_Fall_IoT-SUBJ-01,-0.4342,10.7477,0.8338,-0.0072,0.0592,-0.0152,routine_movement,0
2026-08-20T10:00:14Z,Elderly_Fall_IoT-SUBJ-01,0.2316,10.3445,0.9271,0.0274,0.0891,0.0159,routine_movement,0
2026-08-20T10:00:15Z,Elderly_Fall_IoT-SUBJ-01,-0.1007,9.7085,0.0661,-0.0111,0.0394,-0.0864,routine_movement,0
2026-08-20T10:00:16Z,Elderly_Fall_IoT-SUBJ-01,0.3377,9.6204,-0.308,0.0231,0.1323,-0.0438,routine_movement,0
2026-08-20T10:00:17Z,Elderly_Fall_IoT-SUBJ-01,-0.0269,10.104,0.2873,-0.0031,0.0543,-0.0068,routine_movement,0
2026-08-20T10:00:18Z,Elderly_Fall_IoT-SUBJ-01,-0.1565,9.7546,0.3734,-0.0711,-0.0395,0.0208,routine_movement,0
2026-08-20T10:00:19Z,Elderly_Fall_IoT-SUBJ-01,0.2293,9.2351,1.2477,0.0646,0.0509,-0.0084,routine_movement,0
2026-08-20T10:00:00Z,Elderly_Fall_IoT-SUBJ-01,3.3265,12.4833,2.8509,1.6031,2.3822,2.7406,sudden_fall,1
2026-08-20T10:00:01Z,Elderly_Fall_IoT-SUBJ-01,3.7864,18.3108,9.8414,1.4836,1.4444,1.7357,sudden_fall,1
2026-08-20T10:00:02Z,Elderly_Fall_IoT-SUBJ-01,2.1783,17.2942,5.922,3.1705,3.3627,4.8743,sudden_fall,1
2026-08-20T10:00:03Z,Elderly_Fall_IoT-SUBJ-01,8.1179,13.2789,4.7162,3.967,4.655,1.1084,sudden_fall,1
2026-08-20T10:00:04Z,Elderly_Fall_IoT-SUBJ-01,2.876,13.9618,3.11,2.9608,1.6903,0.8706,sudden_fall,1
2026-08-20T10:00:05Z,Elderly_Fall_IoT-SUBJ-01,4.0092,15.2572,4.1491,3.2503,5.184,2.6173,sudden_fall,1
2026-08-20T10:00:06Z,Elderly_Fall_IoT-SUBJ-01,-0.7081,20.3356,3.5353,3.6242,3.0139,2.7795,sudden_fall,1
2026-08-20T10:00:07Z,Elderly_Fall_IoT-SUBJ-01,4.8468,18.5244,5.4158,3.2425,3.4806,2.2331,sudden_fall,1
2026-08-20T10:00:08Z,Elderly_Fall_IoT-SUBJ-01,1.8087,13.3469,4.5074,0.9957,4.2224,1.5581,sudden_fall,1
2026-08-20T10:00:09Z,Elderly_Fall_IoT-SUBJ-01,2.1412,13.9474,3.496,1.7446,3.09,3.5039,sudden_fall,1
2026-08-20T10:00:10Z,Elderly_Fall_IoT-SUBJ-01,-1.4095,18.5868,9.7747,1.8036,1.1102,3.4286,sudden_fall,1
2026-08-20T10:00:11Z,Elderly_Fall_IoT-SUBJ-01,0.0074,14.7279,7.2169,3.4028,3.3638,0.9067,sudden_fall,1
2026-08-20T10:00:12Z,Elderly_Fall_IoT-SUBJ-01,2.7606,18.7793,7.9901,2.8123,3.5015,2.6909,sudden_fall,1
2026-08-20T10:00:13Z,Elderly_Fall_IoT-SUBJ-01,1.2413,24.8569,8.9278,-0.2421,4.2844,1.7353,sudden_fall,1
2026-08-20T10:00:14Z,Elderly_Fall_IoT-SUBJ-01,4.0164,14.4077,4.2152,2.8585,0.2845,0.4188,sudden_fall,1
2026-08-20T10:00:15Z,Elderly_Fall_IoT-SUBJ-01,1.1341,10.3908,2.7867,3.7717,2.2039,1.5579,sudden_fall,1
2026-08-20T10:00:16Z,Elderly_Fall_IoT-SUBJ-01,4.3624,15.291,5.0639,2.6318,1.0941,1.5847,sudden_fall,1
2026-08-20T10:00:17Z,Elderly_Fall_IoT-SUBJ-01,3.1353,12.2283,6.4443,3.121,1.8252,1.5215,sudden_fall,1
2026-08-20T10:00:18Z,Elderly_Fall_IoT-SUBJ-01,0.4507,13.0982,12.0805,2.0394,3.715,3.6775,sudden_fall,1
2026-08-20T10:00:19Z,Elderly_Fall_IoT-SUBJ-01,2.2274,9.4268,3.251,3.2937,2.1487,1.7929,sudden_fall,1
2026-08-20T10:00:00Z,Elderly_Fall_IoT-SUBJ-01,3.1132,15.135,2.1186,3.6085,2.3574,1.5598,bed_exit_fall,1
2026-08-20T10:00:01Z,Elderly_Fall_IoT-SUBJ-01,2.7756,16.3726,8.2985,3.5352,4.7741,1.7737,bed_exit_fall,1
2026-08-20T10:00:02Z,Elderly_Fall_IoT-SUBJ-01,5.0629,16.3908,7.1404,1.8196,3.2987,1.1902,bed_exit_fall,1
2026-08-20T10:00:03Z,Elderly_Fall_IoT-SUBJ-01,1.6298,19.1539,3.3746,1.2823,4.6222,1.6118,bed_exit_fall,1
2026-08-20T10:00:04Z,Elderly_Fall_IoT-SUBJ-01,0.3532,13.3216,10.1346,1.2288,1.1713,1.3058,bed_exit_fall,1
2026-08-20T10:00:05Z,Elderly_Fall_IoT-SUBJ-01,5.1677,16.9966,3.6548,2.2172,4.344,2.1295,bed_exit_fall,1
2026-08-20T10:00:06Z,Elderly_Fall_IoT-SUBJ-01,5.4336,12.909,7.4725,2.8816,3.6017,1.6293,bed_exit_fall,1
2026-08-20T10:00:07Z,Elderly_Fall_IoT-SUBJ-01,2.1423,11.7336,4.5876,2.6853,1.3814,1.6521,bed_exit_fall,1
2026-08-20T10:00:08Z,Elderly_Fall_IoT-SUBJ-01,2.2682,15.5917,3.2473,0.6631,1.6396,2.6146,bed_exit_fall,1
2026-08-20T10:00:09Z,Elderly_Fall_IoT-SUBJ-01,7.0581,12.9479,7.5802,3.2794,0.6411,1.7283,bed_exit_fall,1
2026-08-20T10:00:10Z,Elderly_Fall_IoT-SUBJ-01,5.6668,9.0814,7.358,3.264,2.883,1.7836,bed_exit_fall,1
2026-08-20T10:00:11Z,Elderly_Fall_IoT-SUBJ-01,2.7369,16.7155,6.3572,4.4161,3.2326,1.6429,bed_exit_fall,1
2026-08-20T10:00:12Z,Elderly_Fall_IoT-SUBJ-01,6.1871,27.7324,10.2322,3.2752,2.1137,1.6657,bed_exit_fall,1
2026-08-20T10:00:13Z,Elderly_Fall_IoT-SUBJ-01,2.1555,14.6121,8.4222,3.0406,1.9696,1.7736,bed_exit_fall,1
2026-08-20T10:00:14Z,Elderly_Fall_IoT-SUBJ-01,1.9575,13.1713,6.9685,3.498,3.1847,1.8367,bed_exit_fall,1
2026-08-20T10:00:15Z,Elderly_Fall_IoT-SUBJ-01,0.9147,14.6995,1.9851,3.4713,2.7956,1.5532,bed_exit_fall,1
2026-08-20T10:00:16Z,Elderly_Fall_IoT-SUBJ-01,5.1048,10.6935,5.5012,1.4718,3.2127,1.8593,bed_exit_fall,1
2026-08-20T10:00:17Z,Elderly_Fall_IoT-SUBJ-01,2.9811,13.1447,2.3378,4.1437,3.8779,1.2071,bed_exit_fall,1
2026-08-20T10:00:18Z,Elderly_Fall_IoT-SUBJ-01,5.748,7.5165,7.5842,2.93,3.9317,3.4454,bed_exit_fall,1
2026-08-20T10:00:19Z,Elderly_Fall_IoT-SUBJ-01,6.2341,20.231,8.2094,1.9527,2.8377,2.6986,bed_exit_fall,1
2026-08-20T10:00:00Z,Elderly_Fall_IoT-SUBJ-01,0.2848,9.1757,0.3258,-0.0322,0.0844,-0.052,sitting_down,0
2026-08-20T10:00:01Z,Elderly_Fall_IoT-SUBJ-01,0.1712,8.5163,0.1274,0.06,0.0856,0.0674,sitting_down,0
2026-08-20T10:00:02Z,Elderly_Fall_IoT-SUBJ-01,0.224,9.148,0.8101,-0.0464,0.0532,-0.0894,sitting_down,0
2026-08-20T10:00:03Z,Elderly_Fall_IoT-SUBJ-01,0.5619,9.9979,0.8518,0.0455,0.1159,0.1139,sitting_down,0
2026-08-20T10:00:04Z,Elderly_Fall_IoT-SUBJ-01,0.319,10.3098,1.8396,0.0881,0.0123,0.0477,sitting_down,0
2026-08-20T10:00:05Z,Elderly_Fall_IoT-SUBJ-01,0.1659,10.4465,-0.0938,0.0625,0.0414,0.0065,sitting_down,0
2026-08-20T10:00:06Z,Elderly_Fall_IoT-SUBJ-01,0.0833,9.7684,0.4681,-0.0108,0.0341,-0.0719,sitting_down,0
2026-08-20T10:00:07Z,Elderly_Fall_IoT-SUBJ-01,0.32,10.0556,0.7837,0.0617,0.0495,-0.0608,sitting_down,0
2026-08-20T10:00:08Z,Elderly_Fall_IoT-SUBJ-01,0.0333,10.5703,0.2263,0.0131,0.0914,-0.0273,sitting_down,0
2026-08-20T10:00:09Z,Elderly_Fall_IoT-SUBJ-01,0.087,9.8628,0.6147,-0.0027,0.0069,-0.0408,sitting_down,0
2026-08-20T10:00:10Z,Elderly_Fall_IoT-SUBJ-01,0.579,9.4111,1.1849,-0.0071,0.0144,0.0052,sitting_down,0
2026-08-20T10:00:11Z,Elderly_Fall_IoT-SUBJ-01,0.5246,10.2265,0.3972,0.0117,0.0799,-0.0193,sitting_down,0
2026-08-20T10:00:12Z,Elderly_Fall_IoT-SUBJ-01,0.0091,9.7334,0.6181,0.0822,-0.0368,0.0818,sitting_down,0
2026-08-20T10:00:13Z,Elderly_Fall_IoT-SUBJ-01,-0.2779,9.5011,0.398,0.0643,0.1245,-0.0523,sitting_down,0
2026-08-20T10:00:14Z,Elderly_Fall_IoT-SUBJ-01,0.1049,9.6091,0.7491,0.0353,0.0744,0.0097,sitting_down,0
2026-08-20T10:00:15Z,Elderly_Fall_IoT-SUBJ-01,0.1825,10.0038,0.5871,0.0571,-0.0028,0.0123,sitting_down,0
2026-08-20T10:00:16Z,Elderly_Fall_IoT-SUBJ-01,0.0595,10.2549,0.9193,0.0789,0.0621,-0.051,sitting_down,0
2026-08-20T10:00:17Z,Elderly_Fall_IoT-SUBJ-01,-0.4582,11.0217,-0.1572,-0.0216,0.05,0.0567,sitting_down,0
2026-08-20T10:00:18Z,Elderly_Fall_IoT-SUBJ-01,0.2556,9.6078,0.5735,-0.0706,0.0737,-0.0288,sitting_down,0
2026-08-20T10:00:19Z,Elderly_Fall_IoT-SUBJ-01,0.3529,9.5416,0.7578,-0.0488,0.0192,-0.0829,sitting_down,0
2026-08-20T10:00:00Z,Elderly_Fall_IoT-SUBJ-02,0.0933,9.869,0.7884,-0.0092,0.0261,-0.0888,routine_movement,0
2026-08-20T10:00:01Z,Elderly_Fall_IoT-SUBJ-02,0.0334,10.6506,0.3629,0.0807,-0.0592,-0.0179,routine_movement,0
2026-08-20T10:00:02Z,Elderly_Fall_IoT-SUBJ-02,-0.0845,10.0241,-0.3418,-0.0409,0.0779,0.02,routine_movement,0
2026-08-20T10:00:03Z,Elderly_Fall_IoT-SUBJ-02,0.0038,9.1992,0.2565,-0.0115,0.106,-0.0244,routine_movement,0
2026-08-20T10:00:04Z,Elderly_Fall_IoT-SUBJ-02,0.3645,9.2477,-0.0303,-0.0519,0.0659,-0.1191,routine_movement,0
2026-08-20T10:00:05Z,Elderly_Fall_IoT-SUBJ-02,-0.1584,10.1152,-0.3514,0.0175,-0.0006,0.0258,routine_movement,0
2026-08-20T10:00:06Z,Elderly_Fall_IoT-SUBJ-02,0.0851,9.8137,0.3271,0.0006,0.0734,0.0043,routine_movement,0
2026-08-20T10:00:07Z,Elderly_Fall_IoT-SUBJ-02,0.2769,9.8493,0.6439,0.0331,0.0187,-0.0116,routine_movement,0
2026-08-20T10:00:08Z,Elderly_Fall_IoT-SUBJ-02,0.7331,10.3889,0.5851,0.0262,0.054,-0.0623,routine_movement,0
2026-08-20T10:00:09Z,Elderly_Fall_IoT-SUBJ-02,0.5852,10.5686,0.6425,0.0584,0.0425,-0.0069,routine_movement,0
2026-08-20T10:00:10Z,Elderly_Fall_IoT-SUBJ-02,0.1862,10.0394,1.0042,-0.0459,-0.0293,-0.0464,routine_movement,0
2026-08-20T10:00:11Z,Elderly_Fall_IoT-SUBJ-02,0.0696,8.9323,0.1235,-0.0639,-0.0389,-0.0112,routine_movement,0
2026-08-20T10:00:12Z,Elderly_Fall_IoT-SUBJ-02,0.5389,10.1461,0.7162,0.0701,-0.037,-0.022,routine_movement,0
2026-08-20T10:00:13Z,Elderly_Fall_IoT-SUBJ-02,0.454,9.7738,-0.0913,-0.0271,-0.0132,0.1204,routine_movement,0
2026-08-20T10:00:14Z,Elderly_Fall_IoT-SUBJ-02,0.1643,10.5636,0.2446,-0.0568,0.1046,-0.0375,routine_movement,0
2026-08-20T10:00:15Z,Elderly_Fall_IoT-SUBJ-02,-0.029,10.1502,-0.0327,0.0161,0.0031,0.0336,routine_movement,0
2026-08-20T10:00:16Z,Elderly_Fall_IoT-SUBJ-02,0.3448,9.8878,0.8766,0.0127,0.0555,-0.0064,routine_movement,0
2026-08-20T10:00:17Z,Elderly_Fall_IoT-SUBJ-02,0.1772,10.289,0.4507,-0.0226,-0.064,-0.0454,routine_movement,0
2026-08-20T10:00:18Z,Elderly_Fall_IoT-SUBJ-02,-0.5668,10.9557,0.1827,-0.0255,-0.0492,-0.0016,routine_movement,0
2026-08-20T10:00:19Z,Elderly_Fall_IoT-SUBJ-02,-0.4091,10.4031,0.3548,0.0167,0.1178,0.0511,routine_movement,0
2026-08-20T10:00:00Z,Elderly_Fall_IoT-SUBJ-02,4.7806,16.5264,6.0418,3.1916,1.5843,1.7062,sudden_fall,1
2026-08-20T10:00:01Z,Elderly_Fall_IoT-SUBJ-02,4.0812,20.4958,4.1013,2.0454,2.0943,0.9065,sudden_fall,1
2026-08-20T10:00:02Z,Elderly_Fall_IoT-SUBJ-02,4.5675,16.9751,1.9015,2.7428,2.9346,0.2709,sudden_fall,1
2026-08-20T10:00:03Z,Elderly_Fall_IoT-SUBJ-02,4.0547,21.1524,5.2196,3.264,4.4576,2.6702,sudden_fall,1
2026-08-20T10:00:04Z,Elderly_Fall_IoT-SUBJ-02,0.5186,16.1344,5.5599,0.7728,1.9989,2.4968,sudden_fall,1
2026-08-20T10:00:05Z,Elderly_Fall_IoT-SUBJ-02,2.7865,14.9288,10.7724,1.97,2.1636,2.365,sudden_fall,1
2026-08-20T10:00:06Z,Elderly_Fall_IoT-SUBJ-02,2.5289,8.1276,4.7579,1.8554,4.9067,2.8697,sudden_fall,1
2026-08-20T10:00:07Z,Elderly_Fall_IoT-SUBJ-02,2.0099,14.0462,4.2198,3.1101,3.1936,0.925,sudden_fall,1
2026-08-20T10:00:08Z,Elderly_Fall_IoT-SUBJ-02,5.4628,16.5666,6.636,4.3774,3.3577,0.6245,sudden_fall,1
2026-08-20T10:00:09Z,Elderly_Fall_IoT-SUBJ-02,3.6258,6.2683,5.9909,1.5832,3.0049,1.6778,sudden_fall,1
2026-08-20T10:00:10Z,Elderly_Fall_IoT-SUBJ-02,3.7433,22.3313,3.4176,2.7639,3.1115,1.568,sudden_fall,1
2026-08-20T10:00:11Z,Elderly_Fall_IoT-SUBJ-02,3.0295,13.6305,5.7552,2.7359,1.6384,1.3782,sudden_fall,1
2026-08-20T10:00:12Z,Elderly_Fall_IoT-SUBJ-02,1.8689,19.7333,3.3372,1.7487,6.0036,1.0955,sudden_fall,1
2026-08-20T10:00:13Z,Elderly_Fall_IoT-SUBJ-02,4.106,11.2584,9.0613,2.1008,3.3185,3.2975,sudden_fall,1
2026-08-20T10:00:14Z,Elderly_Fall_IoT-SUBJ-02,4.2778,13.8347,7.6823,3.6701,2.2252,1.2456,sudden_fall,1
2026-08-20T10:00:15Z,Elderly_Fall_IoT-SUBJ-02,5.5129,11.936,5.2986,2.6978,1.8048,2.4868,sudden_fall,1
2026-08-20T10:00:16Z,Elderly_Fall_IoT-SUBJ-02,5.5909,16.4777,5.243,3.8961,2.5583,1.4788,sudden_fall,1
2026-08-20T10:00:17Z,Elderly_Fall_IoT-SUBJ-02,5.9063,7.5863,0.6016,0.4333,2.8768,1.3271,sudden_fall,1
2026-08-20T10:00:18Z,Elderly_Fall_IoT-SUBJ-02,2.17,13.5274,3.3766,2.2416,2.8726,2.2789,sudden_fall,1
2026-08-20T10:00:19Z,Elderly_Fall_IoT-SUBJ-02,-1.4877,22.8128,3.3025,1.6489,5.1104,1.3012,sudden_fall,1
2026-08-20T10:00:00Z,Elderly_Fall_IoT-SUBJ-02,5.3263,16.8392,5.4074,4.3654,1.3435,2.6408,bed_exit_fall,1
2026-08-20T10:00:01Z,Elderly_Fall_IoT-SUBJ-02,1.4301,9.7535,3.0136,3.6327,0.5271,1.8122,bed_exit_fall,1
2026-08-20T10:00:02Z,Elderly_Fall_IoT-SUBJ-02,5.2659,3.4308,8.7766,2.1992,3.1984,1.847,bed_exit_fall,1
2026-08-20T10:00:03Z,Elderly_Fall_IoT-SUBJ-02,1.6481,12.6133,8.889,2.4567,1.7267,1.9201,bed_exit_fall,1
2026-08-20T10:00:04Z,Elderly_Fall_IoT-SUBJ-02,7.7931,22.1839,1.9586,1.4892,2.0963,1.2066,bed_exit_fall,1
2026-08-20T10:00:05Z,Elderly_Fall_IoT-SUBJ-02,-0.5475,9.918,9.868,0.5016,3.9322,1.3536,bed_exit_fall,1
2026-08-20T10:00:06Z,Elderly_Fall_IoT-SUBJ-02,3.5817,13.3266,2.0774,0.2546,3.2813,2.3245,bed_exit_fall,1
2026-08-20T10:00:07Z,Elderly_Fall_IoT-SUBJ-02,5.4349,14.9592,1.9402,2.8777,2.1745,1.9668,bed_exit_fall,1
2026-08-20T10:00:08Z,Elderly_Fall_IoT-SUBJ-02,0.702,16.5856,3.8625,3.8413,2.9605,1.0404,bed_exit_fall,1
2026-08-20T10:00:09Z,Elderly_Fall_IoT-SUBJ-02,5.1388,20.6658,5.5688,3.3259,2.2645,2.5012,bed_exit_fall,1
2026-08-20T10:00:10Z,Elderly_Fall_IoT-SUBJ-02,3.2399,13.5779,1.2581,2.9084,2.0471,1.1079,bed_exit_fall,1
2026-08-20T10:00:11Z,Elderly_Fall_IoT-SUBJ-02,6.5181,9.8399,6.3087,3.6259,2.8903,1.2081,bed_exit_fall,1
2026-08-20T10:00:12Z,Elderly_Fall_IoT-SUBJ-02,6.2294,14.9945,9.3151,1.5204,4.4282,3.0288,bed_exit_fall,1
2026-08-20T10:00:13Z,Elderly_Fall_IoT-SUBJ-02,0.9995,15.3896,4.4332,2.9646,3.149,2.8309,bed_exit_fall,1
2026-08-20T10:00:14Z,Elderly_Fall_IoT-SUBJ-02,4.2284,14.401,8.921,2.4903,2.1037,0.456,bed_exit_fall,1
2026-08-20T10:00:15Z,Elderly_Fall_IoT-SUBJ-02,4.9292,13.9734,4.9085,2.9453,4.3804,2.6912,bed_exit_fall,1
2026-08-20T10:00:16Z,Elderly_Fall_IoT-SUBJ-02,3.1461,11.7983,9.2559,3.9564,3.6079,1.9781,bed_exit_fall,1
2026-08-20T10:00:17Z,Elderly_Fall_IoT-SUBJ-02,4.336,13.5501,6.9557,2.2158,3.4038,1.6047,bed_exit_fall,1
2026-08-20T10:00:18Z,Elderly_Fall_IoT-SUBJ-02,2.505,11.9385,5.2603,3.0848,3.7409,2.2229,bed_exit_fall,1
2026-08-20T10:00:19Z,Elderly_Fall_IoT-SUBJ-02,4.4249,10.9238,4.7323,2.0532,2.0689,1.7282,bed_exit_fall,1
2026-08-20T10:00:00Z,Elderly_Fall_IoT-SUBJ-02,0.9882,10.1099,0.0632,-0.002,0.0714,0.0096,sitting_down,0
2026-08-20T10:00:01Z,Elderly_Fall_IoT-SUBJ-02,0.3255,10.0979,0.7119,0.0589,0.0278,-0.0075,sitting_down,0
2026-08-20T10:00:02Z,Elderly_Fall_IoT-SUBJ-02,0.3942,9.9706,0.3579,0.0404,0.1223,0.0405,sitting_down,0
2026-08-20T10:00:03Z,Elderly_Fall_IoT-SUBJ-02,0.4452,9.8874,0.3201,-0.0167,0.0284,-0.0311,sitting_down,0
2026-08-20T10:00:04Z,Elderly_Fall_IoT-SUBJ-02,0.0304,10.2541,0.363,0.0378,0.0711,0.0761,sitting_down,0
2026-08-20T10:00:05Z,Elderly_Fall_IoT-SUBJ-02,0.1031,9.3437,1.2094,0.0957,0.0751,0.0185,sitting_down,0
2026-08-20T10:00:06Z,Elderly_Fall_IoT-SUBJ-02,0.1416,9.6079,0.6004,-0.0277,-0.0607,-0.0568,sitting_down,0
2026-08-20T10:00:07Z,Elderly_Fall_IoT-SUBJ-02,-0.3104,9.4302,0.3256,0.0447,0.007,-0.023,sitting_down,0
2026-08-20T10:00:08Z,Elderly_Fall_IoT-SUBJ-02,0.5288,9.6267,0.884,-0.0183,0.0897,-0.0243,sitting_down,0
2026-08-20T10:00:09Z,Elderly_Fall_IoT-SUBJ-02,-0.2839,10.6784,0.2392,0.1095,-0.0716,-0.0465,sitting_down,0
2026-08-20T10:00:10Z,Elderly_Fall_IoT-SUBJ-02,-0.1778,9.9789,0.6769,0.0164,0.1331,-0.081,sitting_down,0
2026-08-20T10:00:11Z,Elderly_Fall_IoT-SUBJ-02,0.4006,9.8954,0.3292,0.0837,0.0824,0.039,sitting_down,0
2026-08-20T10:00:12Z,Elderly_Fall_IoT-SUBJ-02,-0.3882,9.5898,0.8256,0.0577,-0.0176,-0.0811,sitting_down,0
2026-08-20T10:00:13Z,Elderly_Fall_IoT-SUBJ-02,-0.2258,10.409,0.0637,0.0152,0.0392,-0.0632,sitting_down,0
2026-08-20T10:00:14Z,Elderly_Fall_IoT-SUBJ-02,0.4432,9.967,0.3838,0.0652,0.0309,-0.0481,sitting_down,0
2026-08-20T10:00:15Z,Elderly_Fall_IoT-SUBJ-02,0.1387,9.1326,0.7804,0.0369,-0.0258,-0.0316,sitting_down,0
2026-08-20T10:00:16Z,Elderly_Fall_IoT-SUBJ-02,-0.2189,8.2729,0.511,0.014,-0.0321,-0.0745,sitting_down,0
2026-08-20T10:00:17Z,Elderly_Fall_IoT-SUBJ-02,0.0637,10.4673,0.9256,-0.0902,0.0452,0.0142,sitting_down,0
2026-08-20T10:00:18Z,Elderly_Fall_IoT-SUBJ-02,0.1151,9.1893,0.9427,0.0382,0.1277,-0.0012,sitting_down,0
2026-08-20T10:00:19Z,Elderly_Fall_IoT-SUBJ-02,0.4571,9.303,0.2245,0.03,-0.0475,-0.0808,sitting_down,0
2026-08-20T10:00:00Z,Elderly_Fall_IoT-SUBJ-03,0.258,9.0967,0.875,0.0519,0.0274,-0.0184,routine_movement,0
2026-08-20T10:00:01Z,Elderly_Fall_IoT-SUBJ-03,0.1186,9.2775,0.4668,0.0662,0.0766,-0.0503,routine_movement,0
2026-08-20T10:00:02Z,Elderly_Fall_IoT-SUBJ-03,0.5692,9.9524,-0.0018,0.0524,0.0925,-0.066,routine_movement,0
2026-08-20T10:00:03Z,Elderly_Fall_IoT-SUBJ-03,0.2251,10.1887,0.3875,0.0808,0.041,0.0032,routine_movement,0
2026-08-20T10:00:04Z,Elderly_Fall_IoT-SUBJ-03,0.2476,10.0196,0.1408,0.0486,0.0769,-0.0122,routine_movement,0
2026-08-20T10:00:05Z,Elderly_Fall_IoT-SUBJ-03,0.3632,9.9981,0.8146,-0.0446,0.02,0.0056,routine_movement,0
2026-08-20T10:00:06Z,Elderly_Fall_IoT-SUBJ-03,0.0914,10.428,0.038,-0.0717,0.0274,-0.0697,routine_movement,0
2026-08-20T10:00:07Z,Elderly_Fall_IoT-SUBJ-03,0.3505,9.6288,0.9733,-0.0462,0.0872,-0.0191,routine_movement,0
2026-08-20T10:00:08Z,Elderly_Fall_IoT-SUBJ-03,-0.1409,10.3147,0.8405,0.0727,0.1001,0.0036,routine_movement,0
2026-08-20T10:00:09Z,Elderly_Fall_IoT-SUBJ-03,0.0355,9.6092,-0.0517,0.0317,0.0684,0.0979,routine_movement,0
2026-08-20T10:00:10Z,Elderly_Fall_IoT-SUBJ-03,0.4079,8.9884,0.891,0.0521,0.0951,-0.0506,routine_movement,0
2026-08-20T10:00:11Z,Elderly_Fall_IoT-SUBJ-03,0.434,10.4699,0.4715,0.0269,0.0291,-0.0689,routine_movement,0
2026-08-20T10:00:12Z,Elderly_Fall_IoT-SUBJ-03,0.2224,10.117,0.4439,-0.0839,0.0961,-0.1299,routine_movement,0
2026-08-20T10:00:13Z,Elderly_Fall_IoT-SUBJ-03,-0.0157,8.9951,-0.1032,-0.0177,-0.0098,-0.0697,routine_movement,0
2026-08-20T10:00:14Z,Elderly_Fall_IoT-SUBJ-03,-0.1088,8.4994,0.9696,-0.0343,0.0734,-0.039,routine_movement,0
2026-08-20T10:00:15Z,Elderly_Fall_IoT-SUBJ-03,-0.1736,10.0048,-0.2947,-0.0218,0.0393,0.0599,routine_movement,0
2026-08-20T10:00:16Z,Elderly_Fall_IoT-SUBJ-03,-0.0748,9.4554,1.1228,0.0132,0.1257,-0.021,routine_movement,0
2026-08-20T10:00:17Z,Elderly_Fall_IoT-SUBJ-03,1.0032,9.9016,0.3555,0.0601,-0.029,0.133,routine_movement,0
2026-08-20T10:00:18Z,Elderly_Fall_IoT-SUBJ-03,0.3783,9.8213,0.7242,0.0532,0.0539,-0.0676,routine_movement,0
2026-08-20T10:00:19Z,Elderly_Fall_IoT-SUBJ-03,0.3103,10.8027,0.2697,-0.0336,0.0287,0.0065,routine_movement,0
2026-08-20T10:00:00Z,Elderly_Fall_IoT-SUBJ-03,1.8143,15.6079,7.6322,3.2502,0.5428,1.8879,sudden_fall,1
2026-08-20T10:00:01Z,Elderly_Fall_IoT-SUBJ-03,3.4734,19.4871,7.5948,2.8571,3.5844,1.279,sudden_fall,1
2026-08-20T10:00:02Z,Elderly_Fall_IoT-SUBJ-03,6.4619,7.1747,6.1509,2.0072,0.6081,2.474,sudden_fall,1
2026-08-20T10:00:03Z,Elderly_Fall_IoT-SUBJ-03,2.2759,12.3707,4.5249,3.8916,0.8268,1.6292,sudden_fall,1
2026-08-20T10:00:04Z,Elderly_Fall_IoT-SUBJ-03,4.5965,20.816,9.9595,0.646,5.2324,1.2326,sudden_fall,1
2026-08-20T10:00:05Z,Elderly_Fall_IoT-SUBJ-03,5.0512,20.1669,8.1031,3.2849,3.3217,2.1044,sudden_fall,1
2026-08-20T10:00:06Z,Elderly_Fall_IoT-SUBJ-03,5.981,12.5097,4.8818,2.099,2.4137,1.8538,sudden_fall,1
2026-08-20T10:00:07Z,Elderly_Fall_IoT-SUBJ-03,3.3998,12.7325,3.3324,1.5285,2.2683,1.2494,sudden_fall,1
2026-08-20T10:00:08Z,Elderly_Fall_IoT-SUBJ-03,4.3865,15.1053,6.7576,1.7126,1.7993,1.2317,sudden_fall,1
2026-08-20T10:00:09Z,Elderly_Fall_IoT-SUBJ-03,3.325,22.5798,3.7222,2.6365,1.6665,0.7824,sudden_fall,1
2026-08-20T10:00:10Z,Elderly_Fall_IoT-SUBJ-03,5.5659,11.0081,3.7391,2.4844,3.6881,2.186,sudden_fall,1
2026-08-20T10:00:11Z,Elderly_Fall_IoT-SUBJ-03,5.661,19.6987,3.9403,3.017,2.7989,1.6568,sudden_fall,1
2026-08-20T10:00:12Z,Elderly_Fall_IoT-SUBJ-03,5.5166,21.6822,3.1323,1.1938,1.8939,2.3148,sudden_fall,1
2026-08-20T10:00:13Z,Elderly_Fall_IoT-SUBJ-03,3.5454,14.819,6.3586,2.5333,4.0207,2.02,sudden_fall,1
2026-08-20T10:00:14Z,Elderly_Fall_IoT-SUBJ-03,5.0391,22.7235,8.7246,2.2967,1.804,2.5328,sudden_fall,1
2026-08-20T10:00:15Z,Elderly_Fall_IoT-SUBJ-03,-1.0474,16.8532,3.2281,2.7374,1.3827,1.4021,sudden_fall,1
2026-08-20T10:00:16Z,Elderly_Fall_IoT-SUBJ-03,2.383,14.9518,4.0153,-0.0517,3.9072,2.8847,sudden_fall,1
2026-08-20T10:00:17Z,Elderly_Fall_IoT-SUBJ-03,1.5434,13.9829,7.7655,1.8405,3.2008,1.0909,sudden_fall,1
2026-08-20T10:00:18Z,Elderly_Fall_IoT-SUBJ-03,1.6244,18.2181,7.1992,1.547,3.4715,3.4108,sudden_fall,1
2026-08-20T10:00:19Z,Elderly_Fall_IoT-SUBJ-03,1.5672,15.906,11.054,4.008,1.5054,2.8272,sudden_fall,1
2026-08-20T10:00:00Z,Elderly_Fall_IoT-SUBJ-03,4.694,14.9751,6.744,0.853,0.5652,2.9469,bed_exit_fall,1
2026-08-20T10:00:01Z,Elderly_Fall_IoT-SUBJ-03,1.1693,16.5184,9.206,2.3676,4.3318,2.2882,bed_exit_fall,1
2026-08-20T10:00:02Z,Elderly_Fall_IoT-SUBJ-03,2.128,16.7248,9.0669,4.3649,4.7628,2.8038,bed_exit_fall,1
2026-08-20T10:00:03Z,Elderly_Fall_IoT-SUBJ-03,2.8681,12.9198,9.1784,1.55,3.5223,2.3731,bed_exit_fall,1
2026-08-20T10:00:04Z,Elderly_Fall_IoT-SUBJ-03,4.0617,9.0752,4.5733,3.8057,3.5685,0.2071,bed_exit_fall,1
2026-08-20T10:00:05Z,Elderly_Fall_IoT-SUBJ-03,4.2123,9.6771,6.6906,3.0293,4.2295,2.2072,bed_exit_fall,1
2026-08-20T10:00:06Z,Elderly_Fall_IoT-SUBJ-03,5.0753,6.4298,7.5652,3.8526,3.3498,1.3491,bed_exit_fall,1
2026-08-20T10:00:07Z,Elderly_Fall_IoT-SUBJ-03,3.0463,15.1689,3.0751,1.7264,2.7808,0.6638,bed_exit_fall,1
2026-08-20T10:00:08Z,Elderly_Fall_IoT-SUBJ-03,-0.4665,14.4634,-1.8244,3.5487,3.875,1.3235,bed_exit_fall,1
2026-08-20T10:00:09Z,Elderly_Fall_IoT-SUBJ-03,3.7165,4.5286,2.2826,4.099,3.8518,2.1278,bed_exit_fall,1
2026-08-20T10:00:10Z,Elderly_Fall_IoT-SUBJ-03,2.9125,11.2531,5.9796,1.7576,4.1968,2.1146,bed_exit_fall,1
2026-08-20T10:00:11Z,Elderly_Fall_IoT-SUBJ-03,3.9256,6.3727,4.2433,4.2845,3.7694,2.9452,bed_exit_fall,1
2026-08-20T10:00:12Z,Elderly_Fall_IoT-SUBJ-03,2.1142,11.8299,3.4599,3.2766,4.4717,2.1647,bed_exit_fall,1
2026-08-20T10:00:13Z,Elderly_Fall_IoT-SUBJ-03,6.6502,11.4088,5.9891,3.4962,3.0295,1.2973,bed_exit_fall,1
2026-08-20T10:00:14Z,Elderly_Fall_IoT-SUBJ-03,0.4079,21.281,7.147,3.1188,2.797,2.5915,bed_exit_fall,1
2026-08-20T10:00:15Z,Elderly_Fall_IoT-SUBJ-03,0.3686,12.2716,0.8706,2.3458,5.3839,2.5664,bed_exit_fall,1
2026-08-20T10:00:16Z,Elderly_Fall_IoT-SUBJ-03,5.7809,17.3523,4.508,3.3537,2.2574,2.347,bed_exit_fall,1
2026-08-20T10:00:17Z,Elderly_Fall_IoT-SUBJ-03,5.3903,17.3608,7.5101,3.0327,2.1197,2.7072,bed_exit_fall,1
2026-08-20T10:00:18Z,Elderly_Fall_IoT-SUBJ-03,2.9786,16.5042,7.7112,3.1946,2.669,1.3407,bed_exit_fall,1
2026-08-20T10:00:19Z,Elderly_Fall_IoT-SUBJ-03,1.662,11.4238,4.8763,2.465,2.9492,1.0534,bed_exit_fall,1
2026-08-20T10:00:00Z,Elderly_Fall_IoT-SUBJ-03,0.2263,9.4058,0.4732,-0.0185,0.0933,-0.0278,sitting_down,0
2026-08-20T10:00:01Z,Elderly_Fall_IoT-SUBJ-03,-0.1729,9.5457,0.6632,-0.0577,0.0481,-0.0357,sitting_down,0
2026-08-20T10:00:02Z,Elderly_Fall_IoT-SUBJ-03,-0.2395,9.8929,0.0943,-0.0397,0.1487,0.0008,sitting_down,0
2026-08-20T10:00:03Z,Elderly_Fall_IoT-SUBJ-03,0.5064,9.7616,0.6236,-0.0361,-0.0051,0.0338,sitting_down,0
2026-08-20T10:00:04Z,Elderly_Fall_IoT-SUBJ-03,0.5757,9.7513,-0.0185,0.0812,0.023,-0.0822,sitting_down,0
2026-08-20T10:00:05Z,Elderly_Fall_IoT-SUBJ-03,0.0207,9.2323,0.669,0.0184,-0.0784,-0.0248,sitting_down,0
2026-08-20T10:00:06Z,Elderly_Fall_IoT-SUBJ-03,0.0164,9.8193,0.443,-0.0417,-0.0036,-0.0067,sitting_down,0
2026-08-20T10:00:07Z,Elderly_Fall_IoT-SUBJ-03,0.5161,9.0475,0.6839,0.0706,-0.0519,0.0043,sitting_down,0
2026-08-20T10:00:08Z,Elderly_Fall_IoT-SUBJ-03,0.0887,10.8586,-0.1566,-0.0204,0.0399,-0.0682,sitting_down,0
2026-08-20T10:00:09Z,Elderly_Fall_IoT-SUBJ-03,0.4404,9.1807,0.4221,0.0804,0.0046,0.0921,sitting_down,0
2026-08-20T10:00:10Z,Elderly_Fall_IoT-SUBJ-03,0.33,10.5329,0.1576,0.099,0.0088,-0.0355,sitting_down,0
2026-08-20T10:00:11Z,Elderly_Fall_IoT-SUBJ-03,0.4591,10.1082,1.0963,-0.0871,0.0508,-0.0905,sitting_down,0
2026-08-20T10:00:12Z,Elderly_Fall_IoT-SUBJ-03,-0.0915,10.1433,0.5399,0.0668,-0.0237,0.0552,sitting_down,0
2026-08-20T10:00:13Z,Elderly_Fall_IoT-SUBJ-03,0.141,9.6496,0.3646,0.0564,0.0475,0.0288,sitting_down,0
2026-08-20T10:00:14Z,Elderly_Fall_IoT-SUBJ-03,0.4353,9.5166,0.3976,0.1201,0.0001,-0.0193,sitting_down,0
2026-08-20T10:00:15Z,Elderly_Fall_IoT-SUBJ-03,0.6093,9.8343,-0.1303,0.052,0.1405,-0.0644,sitting_down,0
2026-08-20T10:00:16Z,Elderly_Fall_IoT-SUBJ-03,0.552,9.1346,0.0278,-0.0194,0.0734,0.0032,sitting_down,0
2026-08-20T10:00:17Z,Elderly_Fall_IoT-SUBJ-03,0.5304,9.77,0.2287,-0.0228,-0.0135,0.1182,sitting_down,0
2026-08-20T10:00:18Z,Elderly_Fall_IoT-SUBJ-03,-0.1516,8.9791,-0.1538,0.0094,0.0109,0.0197,sitting_down,0
2026-08-20T10:00:19Z,Elderly_Fall_IoT-SUBJ-03,0.4886,10.2018,0.2697,0.021,0.0098,-0.0414,sitting_down,0
2026-08-20T10:00:00Z,Elderly_Fall_IoT-SUBJ-04,0.4422,9.2765,0.1742,0.0643,0.0054,-0.0055,routine_movement,0
2026-08-20T10:00:01Z,Elderly_Fall_IoT-SUBJ-04,0.4069,9.4754,-0.063,0.0009,0.1178,0.0202,routine_movement,0
2026-08-20T10:00:02Z,Elderly_Fall_IoT-SUBJ-04,0.2598,9.5614,0.6552,-0.052,-0.0018,0.0235,routine_movement,0
2026-08-20T10:00:03Z,Elderly_Fall_IoT-SUBJ-04,0.0922,9.8708,0.6314,0.0188,-0.0223,-0.1073,routine_movement,0
2026-08-20T10:00:04Z,Elderly_Fall_IoT-SUBJ-04,0.3532,9.7205,0.1584,0.0149,0.1082,-0.0711,routine_movement,0
2026-08-20T10:00:05Z,Elderly_Fall_IoT-SUBJ-04,0.1584,9.7888,0.8128,-0.0685,0.0717,0.01,routine_movement,0
2026-08-20T10:00:06Z,Elderly_Fall_IoT-SUBJ-04,-0.16,9.8082,0.2097,0.0799,-0.002,-0.0103,routine_movement,0
2026-08-20T10:00:07Z,Elderly_Fall_IoT-SUBJ-04,0.1346,9.8039,0.5111,0.0532,-0.0516,-0.049,routine_movement,0
2026-08-20T10:00:08Z,Elderly_Fall_IoT-SUBJ-04,-0.0421,9.506,0.1004,0.1039,0.0506,-0.1309,routine_movement,0
2026-08-20T10:00:09Z,Elderly_Fall_IoT-SUBJ-04,0.1263,9.7637,0.2423,0.0406,0.0618,0.0302,routine_movement,0
2026-08-20T10:00:10Z,Elderly_Fall_IoT-SUBJ-04,-0.1986,10.1435,0.7625,0.056,0.0359,0.0618,routine_movement,0
2026-08-20T10:00:11Z,Elderly_Fall_IoT-SUBJ-04,-0.0021,9.1246,0.4364,0.0734,0.1383,-0.0371,routine_movement,0
2026-08-20T10:00:12Z,Elderly_Fall_IoT-SUBJ-04,0.5934,9.7039,0.5796,0.0094,0.0265,-0.0535,routine_movement,0
2026-08-20T10:00:13Z,Elderly_Fall_IoT-SUBJ-04,0.5534,10.1949,0.7029,0.0268,0.0675,0.0208,routine_movement,0
2026-08-20T10:00:14Z,Elderly_Fall_IoT-SUBJ-04,0.371,10.8912,0.5164,-0.0716,0.0101,0.0438,routine_movement,0
2026-08-20T10:00:15Z,Elderly_Fall_IoT-SUBJ-04,-0.1444,10.1301,0.8388,-0.0127,0.1119,-0.0006,routine_movement,0
2026-08-20T10:00:16Z,Elderly_Fall_IoT-SUBJ-04,0.2218,9.3741,0.2232,0.0571,0.0736,0.0551,routine_movement,0
2026-08-20T10:00:17Z,Elderly_Fall_IoT-SUBJ-04,0.8329,10.3327,0.1343,-0.017,0.0226,0.0311,routine_movement,0
2026-08-20T10:00:18Z,Elderly_Fall_IoT-SUBJ-04,0.2208,10.2364,0.1577,-0.0167,0.0844,-0.1029,routine_movement,0
2026-08-20T10:00:19Z,Elderly_Fall_IoT-SUBJ-04,0.3783,10.0032,0.8534,0.0087,0.0117,-0.0403,routine_movement,0
2026-08-20T10:00:00Z,Elderly_Fall_IoT-SUBJ-04,4.5506,13.7783,1.9464,1.1612,1.9694,2.0325,sudden_fall,1
2026-08-20T10:00:01Z,Elderly_Fall_IoT-SUBJ-04,4.6526,18.391,5.8271,1.9181,4.5046,2.2527,sudden_fall,1
2026-08-20T10:00:02Z,Elderly_Fall_IoT-SUBJ-04,3.1713,20.0357,5.7569,2.7973,5.4066,2.3391,sudden_fall,1
2026-08-20T10:00:03Z,Elderly_Fall_IoT-SUBJ-04,0.9523,20.7798,7.9994,2.2135,4.0257,1.3076,sudden_fall,1
2026-08-20T10:00:04Z,Elderly_Fall_IoT-SUBJ-04,5.0079,10.331,1.0168,1.7905,2.6703,2.1213,sudden_fall,1
2026-08-20T10:00:05Z,Elderly_Fall_IoT-SUBJ-04,1.002,17.813,5.8023,4.3185,1.7713,2.3927,sudden_fall,1
2026-08-20T10:00:06Z,Elderly_Fall_IoT-SUBJ-04,5.9841,17.3592,2.5316,4.1028,2.5226,0.989,sudden_fall,1
2026-08-20T10:00:07Z,Elderly_Fall_IoT-SUBJ-04,6.1338,12.7323,1.3909,3.108,3.1199,2.5487,sudden_fall,1
2026-08-20T10:00:08Z,Elderly_Fall_IoT-SUBJ-04,1.1971,12.2169,6.8042,3.1344,2.8747,0.5704,sudden_fall,1
2026-08-20T10:00:09Z,Elderly_Fall_IoT-SUBJ-04,4.3425,14.2441,6.3597,2.8249,3.3108,2.6494,sudden_fall,1
2026-08-20T10:00:10Z,Elderly_Fall_IoT-SUBJ-04,3.261,12.2436,9.458,2.4484,3.8874,1.8169,sudden_fall,1
2026-08-20T10:00:11Z,Elderly_Fall_IoT-SUBJ-04,5.3633,13.6358,8.8399,2.4243,1.8311,2.4185,sudden_fall,1
2026-08-20T10:00:12Z,Elderly_Fall_IoT-SUBJ-04,3.3327,8.7723,7.086,2.0169,2.991,0.9511,sudden_fall,1
2026-08-20T10:00:13Z,Elderly_Fall_IoT-SUBJ-04,4.0787,12.9721,12.3144,-0.1719,2.1628,2.6187,sudden_fall,1
2026-08-20T10:00:14Z,Elderly_Fall_IoT-SUBJ-04,4.3251,17.1703,10.0664,2.6622,3.9041,2.1908,sudden_fall,1
2026-08-20T10:00:15Z,Elderly_Fall_IoT-SUBJ-04,4.9446,18.8234,3.5398,3.2758,4.2566,1.8335,sudden_fall,1
2026-08-20T10:00:16Z,Elderly_Fall_IoT-SUBJ-04,2.644,22.0911,7.4294,1.934,4.8271,2.2548,sudden_fall,1
2026-08-20T10:00:17Z,Elderly_Fall_IoT-SUBJ-04,2.2701,9.5585,3.5127,3.5402,1.7176,1.9082,sudden_fall,1
2026-08-20T10:00:18Z,Elderly_Fall_IoT-SUBJ-04,-1.4529,18.0947,5.0428,0.5014,1.4657,2.0317,sudden_fall,1
2026-08-20T10:00:19Z,Elderly_Fall_IoT-SUBJ-04,-0.1258,17.0711,1.3773,3.2363,5.8997,1.2754,sudden_fall,1
2026-08-20T10:00:00Z,Elderly_Fall_IoT-SUBJ-04,-1.0011,12.0869,7.5312,1.758,3.4073,1.6346,bed_exit_fall,1
2026-08-20T10:00:01Z,Elderly_Fall_IoT-SUBJ-04,6.0679,12.9243,2.7727,2.4713,2.6628,3.465,bed_exit_fall,1
2026-08-20T10:00:02Z,Elderly_Fall_IoT-SUBJ-04,3.9061,23.2383,7.339,1.6909,1.1549,1.4987,bed_exit_fall,1
2026-08-20T10:00:03Z,Elderly_Fall_IoT-SUBJ-04,-0.3391,23.1546,5.6393,3.6574,1.9959,2.2002,bed_exit_fall,1
2026-08-20T10:00:04Z,Elderly_Fall_IoT-SUBJ-04,-0.1791,12.3398,4.8469,1.6689,2.2165,1.8201,bed_exit_fall,1
2026-08-20T10:00:05Z,Elderly_Fall_IoT-SUBJ-04,7.5449,15.1169,7.7767,1.9669,2.5778,0.894,bed_exit_fall,1
2026-08-20T10:00:06Z,Elderly_Fall_IoT-SUBJ-04,4.2815,6.7516,7.2552,3.1339,1.9128,1.3242,bed_exit_fall,1
2026-08-20T10:00:07Z,Elderly_Fall_IoT-SUBJ-04,2.4917,18.0695,4.5501,3.4087,2.6436,2.7267,bed_exit_fall,1
2026-08-20T10:00:08Z,Elderly_Fall_IoT-SUBJ-04,3.8788,8.3277,6.1309,2.5123,5.1632,2.7278,bed_exit_fall,1
2026-08-20T10:00:09Z,Elderly_Fall_IoT-SUBJ-04,5.9694,10.677,6.8562,1.0846,0.612,2.5029,bed_exit_fall,1
2026-08-20T10:00:10Z,Elderly_Fall_IoT-SUBJ-04,3.0745,12.4172,3.6515,3.1541,1.6309,2.5969,bed_exit_fall,1
2026-08-20T10:00:11Z,Elderly_Fall_IoT-SUBJ-04,1.9879,15.5474,6.5565,2.5993,2.9714,2.7649,bed_exit_fall,1
2026-08-20T10:00:12Z,Elderly_Fall_IoT-SUBJ-04,1.0105,8.1685,2.7791,3.0903,3.3619,1.1197,bed_exit_fall,1
2026-08-20T10:00:13Z,Elderly_Fall_IoT-SUBJ-04,1.7541,10.9968,4.809,2.8944,2.7952,3.6316,bed_exit_fall,1
2026-08-20T10:00:14Z,Elderly_Fall_IoT-SUBJ-04,0.6821,17.8181,10.5665,2.817,2.5812,0.082,bed_exit_fall,1
2026-08-20T10:00:15Z,Elderly_Fall_IoT-SUBJ-04,4.2027,16.1637,8.3935,2.6946,4.5255,2.2572,bed_exit_fall,1
2026-08-20T10:00:16Z,Elderly_Fall_IoT-SUBJ-04,1.6266,13.3776,5.75,2.7032,1.5042,2.4213,bed_exit_fall,1
2026-08-20T10:00:17Z,Elderly_Fall_IoT-SUBJ-04,0.9935,13.071,5.232,4.0455,1.1927,2.4639,bed_exit_fall,1
2026-08-20T10:00:18Z,Elderly_Fall_IoT-SUBJ-04,7.4881,5.7085,7.0988,3.1228,3.3833,2.5264,bed_exit_fall,1
2026-08-20T10:00:19Z,Elderly_Fall_IoT-SUBJ-04,5.2699,16.1518,4.9535,2.2948,2.4398,1.692,bed_exit_fall,1
2026-08-20T10:00:00Z,Elderly_Fall_IoT-SUBJ-04,0.175,9.5769,-0.0604,0.0331,-0.0116,-0.0488,sitting_down,0
2026-08-20T10:00:01Z,Elderly_Fall_IoT-SUBJ-04,0.1377,10.078,0.3624,-0.0438,0.0553,0.0232,sitting_down,0
2026-08-20T10:00:02Z,Elderly_Fall_IoT-SUBJ-04,0.302,10.0157,0.4778,-0.0188,0.007,-0.0386,sitting_down,0
2026-08-20T10:00:03Z,Elderly_Fall_IoT-SUBJ-04,-0.3774,9.9386,0.9768,0.0758,0.1032,0.1011,sitting_down,0
2026-08-20T10:00:04Z,Elderly_Fall_IoT-SUBJ-04,-0.0446,9.4443,-0.2134,0.0022,-0.0215,0.001,sitting_down,0
2026-08-20T10:00:05Z,Elderly_Fall_IoT-SUBJ-04,0.0558,9.8683,0.4832,-0.0516,0.0165,-0.0356,sitting_down,0
2026-08-20T10:00:06Z,Elderly_Fall_IoT-SUBJ-04,-0.3627,9.3836,0.6376,0.0572,0.0129,-0.002,sitting_down,0
2026-08-20T10:00:07Z,Elderly_Fall_IoT-SUBJ-04,0.2617,10.9354,0.4117,-0.0297,-0.016,0.0207,sitting_down,0
2026-08-20T10:00:08Z,Elderly_Fall_IoT-SUBJ-04,0.0829,10.084,0.5716,-0.0118,0.0408,0.0259,sitting_down,0
2026-08-20T10:00:09Z,Elderly_Fall_IoT-SUBJ-04,0.1851,9.6934,0.0208,0.0257,0.0629,0.1167,sitting_down,0
2026-08-20T10:00:10Z,Elderly_Fall_IoT-SUBJ-04,-0.0293,9.2908,0.4341,-0.0467,0.1472,0.0053,sitting_down,0
2026-08-20T10:00:11Z,Elderly_Fall_IoT-SUBJ-04,0.7191,9.4544,0.0229,0.0463,0.0859,0.0311,sitting_down,0
2026-08-20T10:00:12Z,Elderly_Fall_IoT-SUBJ-04,0.0517,9.2397,0.862,-0.0198,0.0947,-0.0025,sitting_down,0
2026-08-20T10:00:13Z,Elderly_Fall_IoT-SUBJ-04,-0.4403,9.4534,-0.0059,-0.0168,-0.0162,-0.0173,sitting_down,0
2026-08-20T10:00:14Z,Elderly_Fall_IoT-SUBJ-04,0.0984,9.0343,-0.3773,0.0488,-0.0013,0.066,sitting_down,0
2026-08-20T10:00:15Z,Elderly_Fall_IoT-SUBJ-04,-0.0228,10.0383,0.1759,0.035,0.0819,-0.1252,sitting_down,0
2026-08-20T10:00:16Z,Elderly_Fall_IoT-SUBJ-04,0.3753,9.4643,0.8047,-0.0425,0.0184,0.0265,sitting_down,0
2026-08-20T10:00:17Z,Elderly_Fall_IoT-SUBJ-04,-0.194,10.4065,0.4985,0.124,0.1163,0.0619,sitting_down,0
2026-08-20T10:00:18Z,Elderly_Fall_IoT-SUBJ-04,0.0499,9.5633,0.5038,0.0382,-0.0295,-0.0427,sitting_down,0
2026-08-20T10:00:19Z,Elderly_Fall_IoT-SUBJ-04,0.2211,10.2537,0.4252,0.0237,0.0551,0.0446,sitting_down,0
2026-08-20T10:00:00Z,Elderly_Fall_IoT-SUBJ-05,0.0905,10.7423,0.3827,0.036,0.022,0.0217,routine_movement,0
2026-08-20T10:00:01Z,Elderly_Fall_IoT-SUBJ-05,0.308,9.9997,0.1436,-0.0342,0.0767,0.0846,routine_movement,0
2026-08-20T10:00:02Z,Elderly_Fall_IoT-SUBJ-05,0.344,10.3067,1.6062,-0.0749,0.1062,0.1031,routine_movement,0
2026-08-20T10:00:03Z,Elderly_Fall_IoT-SUBJ-05,0.1429,9.3845,0.2637,-0.0072,0.1322,-0.0066,routine_movement,0
2026-08-20T10:00:04Z,Elderly_Fall_IoT-SUBJ-05,-0.0185,9.0995,0.5233,-0.0112,0.0593,-0.0465,routine_movement,0
2026-08-20T10:00:05Z,Elderly_Fall_IoT-SUBJ-05,0.0368,10.3123,0.096,0.0331,-0.0142,0.0395,routine_movement,0
2026-08-20T10:00:06Z,Elderly_Fall_IoT-SUBJ-05,0.05,9.7739,0.4272,0.0875,-0.024,-0.0965,routine_movement,0
2026-08-20T10:00:07Z,Elderly_Fall_IoT-SUBJ-05,0.0454,9.3194,-0.0046,0.0405,0.0193,-0.0058,routine_movement,0
2026-08-20T10:00:08Z,Elderly_Fall_IoT-SUBJ-05,0.0097,9.8236,0.4188,0.0904,0.0515,-0.0856,routine_movement,0
2026-08-20T10:00:09Z,Elderly_Fall_IoT-SUBJ-05,0.4996,9.9011,0.8714,0.0636,-0.0336,0.0439,routine_movement,0
2026-08-20T10:00:10Z,Elderly_Fall_IoT-SUBJ-05,-0.1068,9.7467,0.0553,0.0892,0.0537,-0.0194,routine_movement,0
2026-08-20T10:00:11Z,Elderly_Fall_IoT-SUBJ-05,0.684,9.8681,0.3205,0.0456,-0.0192,-0.0072,routine_movement,0
2026-08-20T10:00:12Z,Elderly_Fall_IoT-SUBJ-05,0.5199,9.7247,1.0178,-0.0262,0.0031,-0.1554,routine_movement,0
2026-08-20T10:00:13Z,Elderly_Fall_IoT-SUBJ-05,0.0718,9.8707,0.2961,0.0735,0.0576,-0.0034,routine_movement,0
2026-08-20T10:00:14Z,Elderly_Fall_IoT-SUBJ-05,-0.351,10.0841,0.2867,-0.0153,0.0468,0.0296,routine_movement,0
2026-08-20T10:00:15Z,Elderly_Fall_IoT-SUBJ-05,-0.1236,9.9492,0.1274,0.0783,-0.0194,-0.0629,routine_movement,0
2026-08-20T10:00:16Z,Elderly_Fall_IoT-SUBJ-05,0.0639,9.3175,0.5335,0.0491,0.1131,0.0629,routine_movement,0
2026-08-20T10:00:17Z,Elderly_Fall_IoT-SUBJ-05,0.266,10.1219,0.2173,0.0255,0.0059,0.0455,routine_movement,0
2026-08-20T10:00:18Z,Elderly_Fall_IoT-SUBJ-05,0.1884,9.4723,-0.1534,0.0018,0.0072,-0.0502,routine_movement,0
2026-08-20T10:00:19Z,Elderly_Fall_IoT-SUBJ-05,0.2115,9.7973,0.8697,0.0105,0.1184,0.0241,routine_movement,0
2026-08-20T10:00:00Z,Elderly_Fall_IoT-SUBJ-05,2.4467,9.8076,4.9494,2.922,3.648,2.2241,sudden_fall,1
2026-08-20T10:00:01Z,Elderly_Fall_IoT-SUBJ-05,6.6364,11.9576,11.993,2.7851,3.2359,1.1525,sudden_fall,1
2026-08-20T10:00:02Z,Elderly_Fall_IoT-SUBJ-05,3.6676,11.0542,3.9345,3.8892,3.6642,2.1183,sudden_fall,1
2026-08-20T10:00:03Z,Elderly_Fall_IoT-SUBJ-05,2.0655,14.393,3.9102,3.3867,1.9692,1.6238,sudden_fall,1
2026-08-20T10:00:04Z,Elderly_Fall_IoT-SUBJ-05,4.4744,10.153,7.1536,1.253,2.0763,1.3168,sudden_fall,1
2026-08-20T10:00:05Z,Elderly_Fall_IoT-SUBJ-05,1.9606,14.8337,6.7372,1.4967,1.3123,3.0462,sudden_fall,1
2026-08-20T10:00:06Z,Elderly_Fall_IoT-SUBJ-05,4.3851,18.115,1.1015,2.6261,2.1236,2.1768,sudden_fall,1
2026-08-20T10:00:07Z,Elderly_Fall_IoT-SUBJ-05,6.4591,9.1874,7.5714,3.0234,4.4995,1.8261,sudden_fall,1
2026-08-20T10:00:08Z,Elderly_Fall_IoT-SUBJ-05,5.5229,9.646,2.7945,2.9421,2.9811,1.8276,sudden_fall,1
2026-08-20T10:00:09Z,Elderly_Fall_IoT-SUBJ-05,3.0229,19.6062,12.0755,4.5955,1.6365,3.6671,sudden_fall,1
2026-08-20T10:00:10Z,Elderly_Fall_IoT-SUBJ-05,2.4871,6.356,4.5078,1.2837,2.1092,1.6911,sudden_fall,1
2026-08-20T10:00:11Z,Elderly_Fall_IoT-SUBJ-05,4.234,14.7892,9.1176,3.4706,3.0434,1.5973,sudden_fall,1
2026-08-20T10:00:12Z,Elderly_Fall_IoT-SUBJ-05,5.5281,12.2749,4.8796,0.9596,1.9437,2.367,sudden_fall,1
2026-08-20T10:00:13Z,Elderly_Fall_IoT-SUBJ-05,2.975,12.3508,3.0241,2.0455,3.2464,3.3148,sudden_fall,1
2026-08-20T10:00:14Z,Elderly_Fall_IoT-SUBJ-05,2.7861,11.6318,5.0202,1.1099,3.8706,1.9052,sudden_fall,1
2026-08-20T10:00:15Z,Elderly_Fall_IoT-SUBJ-05,5.7148,13.6201,6.276,3.0842,3.8679,0.6333,sudden_fall,1
2026-08-20T10:00:16Z,Elderly_Fall_IoT-SUBJ-05,-0.7786,12.8852,9.9507,3.3435,2.241,1.2878,sudden_fall,1
2026-08-20T10:00:17Z,Elderly_Fall_IoT-SUBJ-05,4.5029,17.3452,7.9437,3.2536,5.0157,1.8584,sudden_fall,1
2026-08-20T10:00:18Z,Elderly_Fall_IoT-SUBJ-05,5.6966,9.8522,7.7455,2.6782,3.8626,1.9676,sudden_fall,1
2026-08-20T10:00:19Z,Elderly_Fall_IoT-SUBJ-05,0.596,10.727,2.3445,1.2531,3.6772,2.0166,sudden_fall,1
2026-08-20T10:00:00Z,Elderly_Fall_IoT-SUBJ-05,4.1862,8.8209,4.4878,2.0136,2.0887,1.0672,bed_exit_fall,1
2026-08-20T10:00:01Z,Elderly_Fall_IoT-SUBJ-05,4.5158,12.0888,-1.2669,2.7905,2.1389,1.9493,bed_exit_fall,1
2026-08-20T10:00:02Z,Elderly_Fall_IoT-SUBJ-05,4.5213,12.7386,5.4048,3.5493,0.5859,2.5328,bed_exit_fall,1
2026-08-20T10:00:03Z,Elderly_Fall_IoT-SUBJ-05,0.189,15.0405,6.4159,2.3867,4.6026,2.0216,bed_exit_fall,1
2026-08-20T10:00:04Z,Elderly_Fall_IoT-SUBJ-05,1.1307,22.1484,6.115,2.0167,2.0889,1.7023,bed_exit_fall,1
2026-08-20T10:00:05Z,Elderly_Fall_IoT-SUBJ-05,3.9493,11.106,7.4483,2.2744,2.8954,2.2467,bed_exit_fall,1
2026-08-20T10:00:06Z,Elderly_Fall_IoT-SUBJ-05,5.9465,14.022,8.6743,1.8533,1.3703,1.3818,bed_exit_fall,1
2026-08-20T10:00:07Z,Elderly_Fall_IoT-SUBJ-05,5.1655,13.6826,7.4809,3.2119,3.6335,0.9571,bed_exit_fall,1
2026-08-20T10:00:08Z,Elderly_Fall_IoT-SUBJ-05,5.1368,10.2142,7.2852,1.7232,2.2321,1.0782,bed_exit_fall,1
2026-08-20T10:00:09Z,Elderly_Fall_IoT-SUBJ-05,2.9335,11.6747,8.6309,1.2946,2.0383,1.8934,bed_exit_fall,1
2026-08-20T10:00:10Z,Elderly_Fall_IoT-SUBJ-05,4.5192,15.8169,6.4356,1.719,2.7409,1.075,bed_exit_fall,1
2026-08-20T10:00:11Z,Elderly_Fall_IoT-SUBJ-05,1.2536,20.6751,1.1886,2.1518,1.7638,0.5185,bed_exit_fall,1
2026-08-20T10:00:12Z,Elderly_Fall_IoT-SUBJ-05,0.8248,12.03,1.9477,2.0738,1.8969,1.8955,bed_exit_fall,1
2026-08-20T10:00:13Z,Elderly_Fall_IoT-SUBJ-05,3.804,15.642,6.1476,3.5507,1.9648,3.0105,bed_exit_fall,1
2026-08-20T10:00:14Z,Elderly_Fall_IoT-SUBJ-05,1.2287,14.4876,6.1422,2.0089,4.2054,1.736,bed_exit_fall,1
2026-08-20T10:00:15Z,Elderly_Fall_IoT-SUBJ-05,2.8744,7.7564,9.6952,2.73,3.8853,1.1885,bed_exit_fall,1
2026-08-20T10:00:16Z,Elderly_Fall_IoT-SUBJ-05,3.2854,15.0887,6.9487,1.3638,3.4636,1.7521,bed_exit_fall,1
2026-08-20T10:00:17Z,Elderly_Fall_IoT-SUBJ-05,5.468,16.9015,3.6942,4.9834,3.5935,1.4387,bed_exit_fall,1
2026-08-20T10:00:18Z,Elderly_Fall_IoT-SUBJ-05,1.3421,8.7227,6.1052,1.3893,2.1699,0.767,bed_exit_fall,1
2026-08-20T10:00:19Z,Elderly_Fall_IoT-SUBJ-05,3.2715,19.328,11.8436,1.8184,-0.1452,1.5821,bed_exit_fall,1
2026-08-20T10:00:00Z,Elderly_Fall_IoT-SUBJ-05,-0.2399,9.2858,0.5415,0.1374,0.0815,0.0282,sitting_down,0
2026-08-20T10:00:01Z,Elderly_Fall_IoT-SUBJ-05,0.3677,9.6543,0.122,0.0474,0.0814,0.1074,sitting_down,0
2026-08-20T10:00:02Z,Elderly_Fall_IoT-SUBJ-05,-0.043,9.4242,0.0737,0.0018,-0.0044,0.0285,sitting_down,0
2026-08-20T10:00:03Z,Elderly_Fall_IoT-SUBJ-05,0.1803,9.5256,0.2555,-0.0909,0.0312,0.0397,sitting_down,0
2026-08-20T10:00:04Z,Elderly_Fall_IoT-SUBJ-05,0.1077,10.3721,-0.4672,0.0944,-0.0134,-0.0288,sitting_down,0
2026-08-20T10:00:05Z,Elderly_Fall_IoT-SUBJ-05,0.1982,9.5843,0.6011,0.0296,-0.0215,0.0277,sitting_down,0
2026-08-20T10:00:06Z,Elderly_Fall_IoT-SUBJ-05,0.0863,9.8532,0.6473,0.0088,-0.0382,0.0302,sitting_down,0
2026-08-20T10:00:07Z,Elderly_Fall_IoT-SUBJ-05,0.1099,9.457,-0.442,-0.0178,0.0421,0.016,sitting_down,0
2026-08-20T10:00:08Z,Elderly_Fall_IoT-SUBJ-05,0.1845,9.4954,0.0384,0.0352,0.0336,-0.0051,sitting_down,0
2026-08-20T10:00:09Z,Elderly_Fall_IoT-SUBJ-05,0.1859,10.0618,0.9831,0.0899,-0.0588,-0.0164,sitting_down,0
2026-08-20T10:00:10Z,Elderly_Fall_IoT-SUBJ-05,0.2912,10.743,0.0469,0.0444,0.0881,0.0314,sitting_down,0
2026-08-20T10:00:11Z,Elderly_Fall_IoT-SUBJ-05,0.3771,9.1954,0.0443,0.0381,0.0649,-0.0382,sitting_down,0
2026-08-20T10:00:12Z,Elderly_Fall_IoT-SUBJ-05,0.0137,10.0351,0.3167,-0.044,0.0567,-0.012,sitting_down,0
2026-08-20T10:00:13Z,Elderly_Fall_IoT-SUBJ-05,0.6053,9.3543,-0.1826,0.0861,0.0669,0.0035,sitting_down,0
2026-08-20T10:00:14Z,Elderly_Fall_IoT-SUBJ-05,0.3827,9.8261,0.2271,0.0213,0.0452,-0.0581,sitting_down,0
2026-08-20T10:00:15Z,Elderly_Fall_IoT-SUBJ-05,0.1637,9.773,0.8618,0.0255,-0.0165,-0.0372,sitting_down,0
2026-08-20T10:00:16Z,Elderly_Fall_IoT-SUBJ-05,-0.0883,9.9317,0.2537,0.0718,0.0152,-0.0601,sitting_down,0
2026-08-20T10:00:17Z,Elderly_Fall_IoT-SUBJ-05,0.1215,9.5397,0.436,0.0618,0.0131,-0.0629,sitting_down,0
2026-08-20T10:00:18Z,Elderly_Fall_IoT-SUBJ-05,-0.035,9.1726,0.8054,-0.0246,0.1119,0.0416,sitting_down,0
2026-08-20T10:00:19Z,Elderly_Fall_IoT-SUBJ-05,0.0987,10.4038,1.1128,-0.0372,0.0292,-0.0298,sitting_down,0
